brand,model name,Fname,id
Fiat,Nuova 500,Slade,1
Mitsubishi,Cordia,Clo,2
Acura,RL,Ezri,3
Honda,Passport,Barn,4
Audi,A3,Sharl,5
Audi,A6,Adeline,6
Dodge,Caravan,Tadio,7
Acura,MDX,Jolie,8
GMC,Sierra 3500,Brendon,9
BMW,5 Series,Granthem,10
Toyota,TundraMax,Jacqui,11
Hyundai,Accent,Sharon,12
Chevrolet,Suburban 1500,Alister,13
Maybach,Landaulet,Fleming,14
GMC,1500,Leeanne,15
Cadillac,CTS,Evvy,16
Ford,E-Series,Barrett,17
Saturn,VUE,Annecorinne,18
Chrysler,LeBaron,Ruth,19
Ford,F250,Rochester,20
GMC,2500 Club Coupe,Hayward,21
Lexus,LX,Wilfred,22
Cadillac,CTS,Klemens,23
Nissan,Quest,Mercie,24
Toyota,4Runner,Buckie,25
Infiniti,G,Salaidh,26
Ford,Edge,Eugenius,27
Audi,RS4,Abdel,28
Buick,Park Avenue,Dane,29
Chevrolet,Malibu,Rakel,30
Suzuki,Grand Vitara,Novelia,31
Audi,4000s,Joel,32
Toyota,T100 Xtra,Arvy,33
Mitsubishi,Lancer,Celia,34
Hyundai,Accent,Venus,35
Mercury,Sable,Evita,36
Land Rover,Discovery,Molli,37
Volkswagen,Cabriolet,Muire,38
Saab,9-3,Mary,39
Acura,TSX,Justen,40
Toyota,Land Cruiser,Karilynn,41
Mercedes-Benz,S-Class,Valerie,42
Dodge,Caravan,Gale,43
Mitsubishi,Pajero,Cori,44
Mazda,CX-7,Papageno,45
Mercedes-Benz,300SD,Lisbeth,46
Toyota,Corolla,Marlin,47
GMC,3500 Club Coupe,Killie,48
Chrysler,Pacifica,Jamill,49
Land Rover,Discovery,Luce,50
Volkswagen,Jetta,Merrilee,51
Ford,Fusion,Gerhardine,52
Dodge,Daytona,Kathrine,53
Volkswagen,Golf,Sylas,54
Lexus,IS F,Tuesday,55
Volvo,C70,Trudi,56
Ford,Explorer,Karlik,57
Geo,Tracker,Kelwin,58
BMW,745,Gunther,59
Dodge,Grand Caravan,Issi,60
Cadillac,Catera,Friedrick,61
Isuzu,Oasis,Gayel,62
Hummer,H1,Jacquetta,63
Ford,Focus,Adolpho,64
Chevrolet,Camaro,Cosimo,65
Mercedes-Benz,G-Class,Mariska,66
Mercedes-Benz,E-Class,Anderea,67
Mercury,Monterey,Zea,68
Audi,TT,Ernestus,69
GMC,Envoy XL,Elsworth,70
Volvo,960,Giffer,71
Land Rover,Defender,Carey,72
Toyota,Prius,Kaela,73
Chevrolet,Suburban 1500,Emanuel,74
Chrysler,200,Timmy,75
Buick,Park Avenue,Abrahan,76
Cadillac,STS,Wait,77
Buick,Rainier,Tasia,78
Aston Martin,V8 Vantage,Chickie,79
Dodge,Omni,Allegra,80
Cadillac,DeVille,Paolo,81
Mercedes-Benz,300TE,Fernande,82
Bentley,Arnage,Calida,83
Jeep,Commander,Alasdair,84
Toyota,Matrix,Noelle,85
Cadillac,Escalade EXT,Katusha,86
GMC,Yukon XL 2500,Marillin,87
Mazda,Mazda3,Trenton,88
Lotus,Elan,Lynnelle,89
Porsche,911,Sisile,90
Volkswagen,R32,Terrill,91
Ford,LTD Crown Victoria,Winfield,92
Pontiac,Grand Prix,Alessandra,93
Suzuki,Swift,Georgeta,94
Audi,5000S,Mill,95
BMW,8 Series,Valida,96
Honda,CR-Z,Thom,97
GMC,Savana 2500,Jud,98
Toyota,4Runner,Leopold,99
Maserati,Spyder,Thaddeus,100
Mazda,Navajo,Steven,101
Mercedes-Benz,CLK-Class,Bambi,102
Volvo,S60,Aron,103
Dodge,Viper,Merv,104
Aston Martin,V8 Vantage,Rosene,105
Infiniti,Q,Cary,106
Mitsubishi,Endeavor,Burch,107
Nissan,Sentra,Monro,108
GMC,Savana 3500,Bail,109
Mazda,B-Series,Allyce,110
Nissan,Maxima,Laurie,111
Volvo,V70,Artus,112
Toyota,Echo,Ursula,113
Infiniti,QX56,Ingeberg,114
Pontiac,Sunbird,Cecily,115
Suzuki,XL7,Blondie,116
Mitsubishi,3000GT,Othilie,117
Nissan,Sentra,Elyn,118
Chevrolet,Avalanche,Shanda,119
Audi,A8,Garald,120
Volkswagen,Cabriolet,Cord,121
Volkswagen,Eurovan,Charin,122
Subaru,Tribeca,Reiko,123
Hyundai,Entourage,Willow,124
BMW,M Roadster,Florence,125
Pontiac,Firebird,Ashli,126
Ford,E150,Tallie,127
Dodge,Viper,Gertrud,128
Chevrolet,Express 1500,Breanne,129
Toyota,Sienna,Cassie,130
Chevrolet,Cavalier,Chelsy,131
Mercury,Sable,Hillary,132
Mercedes-Benz,C-Class,Bernelle,133
Lamborghini,Diablo,Cloe,134
Chevrolet,Camaro,Jacobo,135
Ford,Explorer Sport Trac,Ulrich,136
Volkswagen,GTI,Berkeley,137
Mazda,RX-8,Nappy,138
Pontiac,Firefly,Artur,139
Mercedes-Benz,Sprinter 2500,Jarrett,140
Toyota,Land Cruiser,Alessandro,141
Jeep,Liberty,Margalit,142
Chevrolet,Corvair 500,Rolando,143
Ford,Ranger,Quintilla,144
GMC,Jimmy,Gib,145
Audi,A4,Jeremiah,146
Toyota,Matrix,Delmer,147
Mazda,Tribute,Elene,148
Maybach,57,Sallie,149
Volkswagen,Corrado,Laurette,150
BMW,X3,Dedie,151
Ford,Mustang,Darline,152
Chevrolet,Corvette,Hildegarde,153
Dodge,Dakota,Fonzie,154
Buick,Lucerne,Shaw,155
Chevrolet,Lumina,Hugo,156
Ford,F150,Lurlene,157
Subaru,Justy,Bibi,158
Toyota,MR2,Amelia,159
Honda,Accord,Carri,160
Infiniti,M,Lynne,161
Mazda,929,Enriqueta,162
Mitsubishi,Montero,Angelica,163
Ford,Escort,Olga,164
Mercury,Cougar,Joellen,165
Volvo,850,Noble,166
Maserati,Quattroporte,Brigid,167
Chrysler,Cirrus,Tawnya,168
Pontiac,Fiero,Brenna,169
Oldsmobile,Bravada,Tony,170
Infiniti,G,Wally,171
Dodge,Ram Van 3500,Mychal,172
Mitsubishi,RVR,Brander,173
Mercury,Cougar,Melodie,174
Chevrolet,Suburban 2500,Consalve,175
Saturn,VUE,Ermanno,176
Volkswagen,Routan,Hildagarde,177
Pontiac,LeMans,Cordi,178
Chrysler,Town & Country,Karlan,179
BMW,M3,Gayel,180
Subaru,B9 Tribeca,Connie,181
Chevrolet,1500,Woodie,182
Mazda,626,Conrado,183
Mitsubishi,Starion,Killie,184
Volvo,S40,Kristian,185
Oldsmobile,Ciera,Davy,186
Subaru,XT,Mirabel,187
Geo,Prizm,Marijo,188
Audi,A6,Neel,189
Honda,Prelude,Becky,190
Jaguar,XK,Clarie,191
Lincoln,Town Car,Ginni,192
Mercury,Mariner,Agatha,193
Ford,Festiva,Garreth,194
Toyota,Avalon,Seana,195
Dodge,Dakota Club,Rorke,196
Mitsubishi,Galant,Zorah,197
Volkswagen,Jetta,Latia,198
Chevrolet,Prizm,Ky,199
GMC,Yukon XL 2500,Brenden,200
Dodge,Caravan,Rachel,201
Pontiac,Grand Prix,Dennie,202
Chevrolet,Citation,Murdoch,203
Lamborghini,Murci√©lago,Benson,204
Volvo,V40,Dewitt,205
Chevrolet,Suburban 2500,Emmaline,206
Jeep,Wrangler,Pam,207
Porsche,Cayman,Lorne,208
Plymouth,Acclaim,Jarrad,209
Toyota,Corolla,Hamel,210
Dodge,Dakota,Misha,211
Chevrolet,Silverado,Collete,212
Mercury,Sable,Arlena,213
Buick,LeSabre,Dayle,214
Acura,TL,Barbara,215
Dodge,Ram 1500 Club,Daisie,216
Ford,Expedition,Berke,217
GMC,Sierra 3500,Verge,218
Subaru,Outback,Riva,219
Chevrolet,Suburban,Rosette,220
Kia,Optima,Law,221
Volkswagen,Passat,Orlando,222
Ford,Explorer,Gabriel,223
Honda,CR-V,Redd,224
Mitsubishi,Eclipse,Wallis,225
Hyundai,Azera,Zeke,226
Chevrolet,APV,Georgine,227
Dodge,Ram 1500,Cortie,228
Oldsmobile,88,Russ,229
Buick,Regal,Norrie,230
Kia,Optima,Rosaleen,231
Pontiac,Grand Prix,Etheline,232
Chrysler,Sebring,Beck,233
Land Rover,Range Rover Sport,Alva,234
GMC,Savana 1500,Zorah,235
Rolls-Royce,Phantom,Martynne,236
Mitsubishi,Eclipse,Lorry,237
Ford,E-Series,Milty,238
Ford,F-Series Super Duty,Kasey,239
Nissan,NV3500,Domini,240
Mercury,Cougar,Ralina,241
Infiniti,EX,Vivyan,242
Chevrolet,Camaro,Leslie,243
Ford,Edge,Gibb,244
Mercury,Capri,Masha,245
Dodge,Grand Caravan,Arley,246
Kia,Rio,Dari,247
Pontiac,Bonneville,Cathy,248
Suzuki,Verona,Leslie,249
Toyota,Supra,Harriott,250
Mitsubishi,Lancer,Nickola,251
GMC,Yukon XL 1500,Randie,252
BMW,3 Series,Portia,253
Ford,F-Series,Leilah,254
Toyota,Previa,Wadsworth,255
BMW,M3,Lolita,256
GMC,Savana Cargo Van,Nadiya,257
Mercury,Sable,Blinni,258
Land Rover,Freelander,Andie,259
Volvo,XC60,Del,260
Chevrolet,Corvette,Lindsey,261
Ford,Aerostar,Abbott,262
Ferrari,458 Italia,Sheri,263
Maserati,Spyder,Tobi,264
Volvo,XC70,Hedvig,265
Ford,E150,Aubree,266
Toyota,Highlander,Terrance,267
Mercedes-Benz,C-Class,Jeno,268
Mercedes-Benz,CLK-Class,Gerek,269
Toyota,Yaris,Brittany,270
BMW,745,Christalle,271
Chevrolet,Lumina,Philip,272
Suzuki,Aerio,Holly,273
Toyota,Truck Xtracab SR5,Celene,274
Nissan,Versa,Reid,275
Saab,9000,Kristine,276
GMC,Yukon XL 1500,Darya,277
Dodge,Stratus,Gus,278
Nissan,300ZX,Andie,279
GMC,Sierra 3500,Florie,280
Toyota,RAV4,Ruddy,281
Honda,Insight,Madelin,282
Lotus,Esprit,Chelsae,283
BMW,6 Series,Bobbee,284
Saab,9000,Tabb,285
Chevrolet,Cobalt,Wrennie,286
Nissan,Maxima,Dixie,287
Audi,riolet,Tan,288
BMW,M5,Stephie,289
Ford,Club Wagon,Babbie,290
Chevrolet,Aveo,Faulkner,291
Chevrolet,Express 1500,Ezmeralda,292
Acura,Integra,Cordula,293
Volkswagen,Touareg,Corrine,294
Mazda,626,Siobhan,295
Chevrolet,Colorado,Abran,296
Chevrolet,HHR,Jerry,297
Lincoln,Aviator,Adey,298
Pontiac,Grand Am,Dagny,299
Ford,Ranger,Mirelle,300
Hyundai,Sonata,Karla,301
Mitsubishi,Pajero,Jaclin,302
Infiniti,FX,Fidelia,303
Chevrolet,G-Series G30,Bebe,304
Mercury,Grand Marquis,Sheffy,305
GMC,Safari,Codie,306
Mazda,Mazdaspeed 3,Xaviera,307
Dodge,Ram 3500 Club,Marshal,308
Cadillac,CTS,Janina,309
Lexus,ES,Verina,310
Honda,Pilot,Charley,311
Infiniti,QX56,Waylen,312
Pontiac,Grand Am,Rickard,313
Saab,9-5,Peggi,314
Mazda,MX-5,Bink,315
Lamborghini,Gallardo,Dominique,316
Buick,LeSabre,Dionisio,317
Cadillac,SRX,Kaitlynn,318
