brand,model_name,Fname,Lname,email,id
Ford,Taurus X,Annis,Fanstone,afanstone0@google.it,1
Toyota,Highlander,Aguste,Filipponi,afilipponi1@cornell.edu,2
Audi,90,Raymond,Cleevely,rcleevely2@disqus.com,3
Pontiac,Firebird,Ellerey,Thew,ethew3@earthlink.net,4
Chevrolet,G-Series 2500,Marielle,Ferrini,mferrini4@unblog.fr,5
Volkswagen,Jetta,Cameron,Findon,cfindon5@squidoo.com,6
Lexus,IS-F,Helyn,Bolsover,hbolsover6@51.la,7
Pontiac,Sunfire,Normy,Linskey,nlinskey7@mit.edu,8
Nissan,Quest,Ashlin,Berrane,aberrane8@auda.org.au,9
Lincoln,Navigator,Stern,Phidgin,sphidgin9@comcast.net,10
Dodge,Charger,Guillermo,Theakston,gtheakstona@amazon.co.jp,11
Mercedes-Benz,CLK-Class,Adora,Bowld,abowldb@yandex.ru,12
Dodge,Ram Wagon B250,Godfree,Keld,gkeldc@vkontakte.ru,13
Ford,Crown Victoria,Justin,Port,jportd@cloudflare.com,14
Chevrolet,Corvette,Eben,Bahl,ebahle@multiply.com,15
Mazda,323,Calida,Catley,ccatleyf@biglobe.ne.jp,16
Lexus,SC,Brandyn,Shilleto,bshilletog@feedburner.com,17
Lexus,LS,Kenny,Wallentin,kwallentinh@people.com.cn,18
Lotus,Esprit,Trenton,Tuma,ttumai@amazon.co.uk,19
Mitsubishi,Mirage,Rebeka,Fennell,rfennellj@posterous.com,20
Volkswagen,GTI,Vivianne,Newcomen,vnewcomenk@biglobe.ne.jp,21
Mitsubishi,Outlander,Loretta,Tunn,ltunnl@tinypic.com,22
Audi,A6,Ebonee,Davio,edaviom@tinyurl.com,23
Mercedes-Benz,CLK-Class,Ruby,Jedrychowski,rjedrychowskin@uol.com.br,24
Audi,S5,Rustin,Bailiss,rbailisso@jigsy.com,25
Honda,Pilot,Vina,Sample,vsamplep@unc.edu,26
Chevrolet,S10,Dee dee,Crews,dcrewsq@delicious.com,27
Ford,Escort,Douglass,Switland,dswitlandr@shop-pro.jp,28
Ford,F-Series,Aurelia,Bacup,abacups@techcrunch.com,29
Isuzu,Rodeo,Brunhilde,Hargate,bhargatet@pcworld.com,30
Nissan,Altima,Emory,Managh,emanaghu@dell.com,31
